{"cameraMode":{"drawMode":0,"name":"Shaded","section":"Shading Mode"},"sceneLighting":true,"audioPlay":false,"sceneViewState":{"showFog":true,"showMaterialUpdate":false,"showSkybox":true,"showFlares":true,"showImageEffects":true,"showParticleSystems":true,"showVisualEffectGraphs":true,"m_FxEnabled":true},"in2DMode":false,"pivot":{"x":0.05222536250948906,"y":-0.12191708385944367,"z":1.5498205423355103},"rotation":{"x":0.18097805976867677,"y":-0.10305722057819367,"z":0.01907283626496792,"w":0.9778869152069092},"size":3.0873193740844728,"orthographic":false}