{"cameraMode":{"drawMode":0,"name":"Shaded","section":"Shading Mode"},"sceneLighting":false,"audioPlay":false,"sceneViewState":{"showFog":true,"showMaterialUpdate":false,"showSkybox":false,"showFlares":true,"showImageEffects":true,"showParticleSystems":true,"showVisualEffectGraphs":true,"m_FxEnabled":true},"in2DMode":false,"pivot":{"x":5.313457012176514,"y":1.5717380046844483,"z":0.23749446868896485},"rotation":{"x":0.18097805976867677,"y":-0.10305722057819367,"z":0.01907283626496792,"w":0.9778869152069092},"size":2.9025790691375734,"orthographic":false}