{"cameraMode":{"drawMode":0,"name":"Shaded","section":"Shading Mode"},"sceneLighting":false,"audioPlay":false,"sceneViewState":{"showFog":true,"showMaterialUpdate":false,"showSkybox":false,"showFlares":true,"showImageEffects":true,"showParticleSystems":true,"showVisualEffectGraphs":true,"m_FxEnabled":true},"in2DMode":false,"pivot":{"x":0.0036163628101348879,"y":0.4994700849056244,"z":-0.017497777938842775},"rotation":{"x":0.158884659409523,"y":-0.4015403091907501,"z":0.07095345109701157,"w":0.8991609811782837},"size":0.7050694823265076,"orthographic":false}